,titre,vues,date
0,Tunisiens Résidant à l’Étranger | « Canaux de Transfert » de Attijari bank,"8,3 k vues",il y a 2 mois
1,Tunisiens Résidant à l’Étranger | « Comptes bancaires » de Attijari bank,186 vues,il y a 2 mois
2,Tunisiens Résidant à l’Étranger | Service « E-Transfert » de Attijari bank,101 vues,il y a 2 mois
3,,,
4,,,
5,,,
6,Attijari bank et Tunisair signent un contrat de financement de la rénovation des réacteurs d’avions,35 k vues,il y a 4 ans
7,Attijari bank fête la rentrée scolaire aux écoles primaires Awled Gacem et Jbel Eddis à Nefza,33 k vues,il y a 3 ans
8,Attijari bank met à votre disposition des financements d’une valeur de 150 millions de dinars!,31 k vues,il y a 3 ans
9,,,
10,,,
11,,,
